-- ============================================================
-- UNIVERSITY DB — SEED DATA  (~1000+ rows across all tables)
-- Generated: 2026-03-30
-- ============================================================

USE university_db;

SET FOREIGN_KEY_CHECKS = 0;
SET SQL_MODE = '';

-- ── DEPARTMENT ──────────────────────────────────────────────────
INSERT INTO department (department_id, name) VALUES
(1, 'Computer Science & Engineering'),
(2, 'Electrical & Electronics Engineering'),
(3, 'Mechanical Engineering'),
(4, 'Civil Engineering'),
(5, 'Mathematics'),
(6, 'Physics'),
(7, 'Chemistry'),
(8, 'Humanities & Social Sciences'),
(9, 'Biotechnology'),
(10, 'Economics');

-- ── PROGRAM ─────────────────────────────────────────────────────
INSERT INTO program (program_id, department_id, name, type, duration_years) VALUES
(1, 1, 'B.Tech Computer Science', 'B_TECH', 4),
(2, 1, 'M.Tech Computer Science', 'M_TECH', 2),
(3, 1, 'Integrated M.Tech CS', 'IM_TECH', 5),
(4, 1, 'PhD Computer Science', 'PHD', 4),
(5, 2, 'B.Tech EEE', 'B_TECH', 4),
(6, 2, 'M.Tech Power Systems', 'M_TECH', 2),
(7, 2, 'PhD Electrical Engg', 'PHD', 4),
(8, 3, 'B.Tech Mechanical', 'B_TECH', 4),
(9, 3, 'M.Tech Thermal Engg', 'M_TECH', 2),
(10, 3, 'PhD Mechanical', 'PHD', 4),
(11, 4, 'B.Tech Civil', 'B_TECH', 4),
(12, 4, 'M.Tech Structural Engg', 'M_TECH', 2),
(13, 5, 'B.Tech Mathematics & Computing', 'B_TECH', 4),
(14, 5, 'M.Tech Applied Mathematics', 'M_TECH', 2),
(15, 5, 'PhD Mathematics', 'PHD', 4),
(16, 6, 'M.Tech Engineering Physics', 'M_TECH', 2),
(17, 6, 'PhD Physics', 'PHD', 4),
(18, 7, 'PhD Chemistry', 'PHD', 4),
(19, 8, 'B.Tech with Minor HSS', 'B_TECH', 4),
(20, 9, 'B.Tech Biotechnology', 'B_TECH', 4),
(21, 9, 'M.Tech Bioinformatics', 'M_TECH', 2),
(22, 9, 'PhD Biotechnology', 'PHD', 4),
(23, 10, 'B.Tech Economics', 'B_TECH', 4),
(24, 10, 'M.Tech Applied Economics', 'M_TECH', 2);

-- ── STUDENT (250 rows) ──────────────────────────────────────────
INSERT INTO student (student_id,department_id,program_id,enrollment_no,first_name,last_name,date_of_birth,email,admission_year,status) VALUES
(1,9,21,'UNI202100001','Ishaan','Verma','2002-04-25','ishaan.verma1@university.edu',2021,'ACTIVE'),
(2,1,4,'UNI202300002','Chandni','Shetty','2005-10-30','chandni.shetty2@university.edu',2023,'ACTIVE'),
(3,1,1,'UNI202000003','Esha','Chopra','1998-11-05','esha.chopra3@university.edu',2020,'ACTIVE'),
(4,2,7,'UNI202300004','Ankit','Tiwari','2002-04-23','ankit.tiwari4@university.edu',2023,'ACTIVE'),
(5,3,9,'UNI202000005','Aarav','Kulkarni','1999-06-24','aarav.kulkarni5@university.edu',2020,'ACTIVE'),
(6,2,7,'UNI201900006','Tanvi','Joshi','1998-02-19','tanvi.joshi6@university.edu',2019,'ACTIVE'),
(7,4,12,'UNI201900007','Simran','Malhotra','1998-10-02','simran.malhotra7@university.edu',2019,'ACTIVE'),
(8,5,13,'UNI202100008','Divya','Bedi','1999-07-05','divya.bedi8@university.edu',2021,'GRADUATED'),
(9,10,23,'UNI202000009','Deepa','Patel','2000-02-10','deepa.patel9@university.edu',2020,'DROPPED'),
(10,1,4,'UNI202200010','Vidya','Sinha','2002-03-25','vidya.sinha10@university.edu',2022,'ACTIVE'),
(11,2,7,'UNI201900011','Bindu','Sinha','1997-11-22','bindu.sinha11@university.edu',2019,'ACTIVE'),
(12,10,24,'UNI202200012','Ravi','Gupta','2001-05-19','ravi.gupta12@university.edu',2022,'SUSPENDED'),
(13,9,21,'UNI202100013','Rajat','Bose','2003-04-28','rajat.bose13@university.edu',2021,'DROPPED'),
(14,4,11,'UNI201900014','Vinita','Sinha','2000-10-17','vinita.sinha14@university.edu',2019,'SUSPENDED'),
(15,4,11,'UNI202200015','Pallavi','Lal','2001-11-26','pallavi.lal15@university.edu',2022,'ACTIVE'),
(16,3,9,'UNI202300016','Kavya','Das','2001-05-15','kavya.das16@university.edu',2023,'ON_LEAVE'),
(17,5,14,'UNI202100017','Rohini','Yadav','2002-03-12','rohini.yadav17@university.edu',2021,'GRADUATED'),
(18,1,3,'UNI201900018','Bhavna','Wagh','2000-11-17','bhavna.wagh18@university.edu',2019,'ACTIVE'),
(19,9,22,'UNI201900019','Aditya','Nanda','1998-07-15','aditya.nanda19@university.edu',2019,'GRADUATED'),
(20,5,15,'UNI202300020','Madhav','Malhotra','2005-12-15','madhav.malhotra20@university.edu',2023,'ON_LEAVE'),
(21,9,22,'UNI202100021','Nalini','Kulkarni','2001-02-27','nalini.kulkarni21@university.edu',2021,'ACTIVE'),
(22,2,6,'UNI202100022','Chetan','Sharma','1999-04-02','chetan.sharma22@university.edu',2021,'GRADUATED'),
(23,1,4,'UNI202300023','Udayan','Pillai','2001-04-12','udayan.pillai23@university.edu',2023,'ACTIVE'),
(24,2,6,'UNI202300024','Neeraj','Deshpande','2005-11-03','neeraj.deshpande24@university.edu',2023,'ACTIVE'),
(25,1,1,'UNI202100025','Ishaan','Bhat','2002-01-30','ishaan.bhat25@university.edu',2021,'ACTIVE'),
(26,8,19,'UNI202200026','Divya','Mehta','2004-09-29','divya.mehta26@university.edu',2022,'DROPPED'),
(27,2,5,'UNI202300027','Arun','Dubey','2004-05-15','arun.dubey27@university.edu',2023,'GRADUATED'),
(28,9,20,'UNI202300028','Aditya','Chopra','2004-06-08','aditya.chopra28@university.edu',2023,'ACTIVE'),
(29,9,22,'UNI202200029','Ankit','Bhat','2000-08-19','ankit.bhat29@university.edu',2022,'ACTIVE'),
(30,3,8,'UNI201900030','Deepa','Pandey','1997-10-11','deepa.pandey30@university.edu',2019,'ACTIVE'),
(31,3,8,'UNI201900031','Aarav','Kumar','2000-02-04','aarav.kumar31@university.edu',2019,'SUSPENDED'),
(32,4,11,'UNI202000032','Dhruv','Chaudhary','2000-12-08','dhruv.chaudhary32@university.edu',2020,'ACTIVE'),
(33,7,18,'UNI202300033','Kabir','Naik','2001-08-31','kabir.naik33@university.edu',2023,'ACTIVE'),
(34,6,16,'UNI201900034','Yash','Reddy','2001-12-04','yash.reddy34@university.edu',2019,'ACTIVE'),
(35,5,14,'UNI201900035','Yash','Chatterjee','2001-02-01','yash.chatterjee35@university.edu',2019,'ACTIVE'),
(36,4,11,'UNI202000036','Harsh','Das','2001-10-02','harsh.das36@university.edu',2020,'ACTIVE'),
(37,5,14,'UNI202200037','Mihir','Sinha','2003-02-08','mihir.sinha37@university.edu',2022,'ACTIVE'),
(38,7,18,'UNI202300038','Gaurav','Singh','2005-02-17','gaurav.singh38@university.edu',2023,'SUSPENDED'),
(39,3,8,'UNI202200039','Manish','Thakur','2001-04-20','manish.thakur39@university.edu',2022,'DROPPED'),
(40,1,2,'UNI201900040','Manish','Saxena','1998-05-16','manish.saxena40@university.edu',2019,'SUSPENDED'),
(41,5,15,'UNI202300041','Sanjay','Menon','2002-03-21','sanjay.menon41@university.edu',2023,'ACTIVE'),
(42,2,7,'UNI202300042','Chirag','Rajan','2005-06-10','chirag.rajan42@university.edu',2023,'ACTIVE'),
(43,8,19,'UNI202300043','Garima','Chaudhary','2004-01-30','garima.chaudhary43@university.edu',2023,'SUSPENDED'),
(44,1,3,'UNI202300044','Mihir','Kumar','2005-12-12','mihir.kumar44@university.edu',2023,'DROPPED'),
(45,5,13,'UNI202000045','Jaya','Sethi','1998-11-01','jaya.sethi45@university.edu',2020,'ACTIVE'),
(46,1,3,'UNI202300046','Zara','Ghosh','2001-09-25','zara.ghosh46@university.edu',2023,'ACTIVE'),
(47,3,9,'UNI202100047','Omkar','Ghosh','2002-05-16','omkar.ghosh47@university.edu',2021,'ACTIVE'),
(48,9,22,'UNI202200048','Vishal','Pillai','2002-02-07','vishal.pillai48@university.edu',2022,'ACTIVE'),
(49,9,20,'UNI201900049','Reema','Joshi','1997-04-20','reema.joshi49@university.edu',2019,'GRADUATED'),
(50,2,5,'UNI202000050','Tushar','Kumar','2000-05-25','tushar.kumar50@university.edu',2020,'ACTIVE'),
(51,7,18,'UNI202300051','Shikha','Arora','2005-12-08','shikha.arora51@university.edu',2023,'DROPPED'),
(52,3,10,'UNI202000052','Arun','Joshi','2000-02-29','arun.joshi52@university.edu',2020,'SUSPENDED'),
(53,10,24,'UNI202100053','Payal','Iyer','2001-11-06','payal.iyer53@university.edu',2021,'ACTIVE'),
(54,4,11,'UNI202100054','Omkar','Mukherjee','1999-09-08','omkar.mukherjee54@university.edu',2021,'ACTIVE'),
(55,1,2,'UNI202200055','Esha','Mathur','2002-01-23','esha.mathur55@university.edu',2022,'ACTIVE'),
(56,2,5,'UNI202000056','Vasudha','Malhotra','1999-10-10','vasudha.malhotra56@university.edu',2020,'ON_LEAVE'),
(57,7,18,'UNI201900057','Aditi','Rao','2000-10-06','aditi.rao57@university.edu',2019,'ACTIVE'),
(58,4,12,'UNI202000058','Rohini','Bedi','1999-03-07','rohini.bedi58@university.edu',2020,'ACTIVE'),
(59,4,12,'UNI202000059','Arjun','Kapoor','2001-12-08','arjun.kapoor59@university.edu',2020,'ACTIVE'),
(60,7,18,'UNI202000060','Yash','Arora','2001-03-25','yash.arora60@university.edu',2020,'SUSPENDED'),
(61,2,6,'UNI202000061','Yash','Verma','2000-07-29','yash.verma61@university.edu',2020,'DROPPED'),
(62,10,24,'UNI202000062','Ravi','Sinha','2002-07-15','ravi.sinha62@university.edu',2020,'DROPPED'),
(63,6,16,'UNI202200063','Pooja','Reddy','2002-06-06','pooja.reddy63@university.edu',2022,'DROPPED'),
(64,3,8,'UNI202000064','Pooja','Verma','1999-06-18','pooja.verma64@university.edu',2020,'ACTIVE'),
(65,1,3,'UNI202300065','Sakshi','Kapoor','2002-12-14','sakshi.kapoor65@university.edu',2023,'SUSPENDED'),
(66,7,18,'UNI201900066','Suresh','Verma','1999-04-02','suresh.verma66@university.edu',2019,'GRADUATED'),
(67,3,9,'UNI202300067','Ananya','Joshi','2002-06-26','ananya.joshi67@university.edu',2023,'ON_LEAVE'),
(68,4,11,'UNI202300068','Ankita','Nanda','2005-07-17','ankita.nanda68@university.edu',2023,'SUSPENDED'),
(69,2,7,'UNI202200069','Riya','Patel','2004-09-23','riya.patel69@university.edu',2022,'SUSPENDED'),
(70,7,18,'UNI202000070','Dinesh','Naik','2000-08-08','dinesh.naik70@university.edu',2020,'ACTIVE'),
(71,9,22,'UNI202100071','Suresh','Arora','2003-06-03','suresh.arora71@university.edu',2021,'GRADUATED'),
(72,9,22,'UNI202200072','Yash','Shah','2002-10-11','yash.shah72@university.edu',2022,'ACTIVE'),
(73,5,14,'UNI202000073','Bindu','Saxena','1998-10-19','bindu.saxena73@university.edu',2020,'ACTIVE'),
(74,7,18,'UNI202100074','Aarav','Pillai','2002-08-09','aarav.pillai74@university.edu',2021,'DROPPED'),
(75,9,20,'UNI202200075','Ankit','Shah','2001-08-15','ankit.shah75@university.edu',2022,'ON_LEAVE'),
(76,6,17,'UNI202000076','Farhan','Patil','2002-05-26','farhan.patil76@university.edu',2020,'GRADUATED'),
(77,9,21,'UNI201900077','Tarun','Pandey','2000-12-10','tarun.pandey77@university.edu',2019,'ACTIVE'),
(78,2,7,'UNI201900078','Kiran','Verma','2000-08-31','kiran.verma78@university.edu',2019,'GRADUATED'),
(79,1,3,'UNI202300079','Chetan','Thakur','2004-12-22','chetan.thakur79@university.edu',2023,'ACTIVE'),
(80,5,13,'UNI201900080','Ravi','Iyer','2001-08-06','ravi.iyer80@university.edu',2019,'ACTIVE'),
(81,10,23,'UNI201900081','Lavanya','Chatterjee','1997-05-08','lavanya.chatterjee81@university.edu',2019,'SUSPENDED'),
(82,1,4,'UNI202200082','Chetan','Nair','2000-10-13','chetan.nair82@university.edu',2022,'GRADUATED'),
(83,5,15,'UNI202300083','Swati','Jadhav','2002-10-08','swati.jadhav83@university.edu',2023,'ACTIVE'),
(84,2,6,'UNI202100084','Farhan','Banerjee','2002-11-23','farhan.banerjee84@university.edu',2021,'ACTIVE'),
(85,6,17,'UNI202000085','Hemant','Mathur','2000-08-13','hemant.mathur85@university.edu',2020,'ACTIVE'),
(86,3,10,'UNI202100086','Rahul','Sinha','2001-10-04','rahul.sinha86@university.edu',2021,'ACTIVE'),
(87,2,5,'UNI202000087','Priya','Saxena','2001-02-02','priya.saxena87@university.edu',2020,'ACTIVE'),
(88,4,11,'UNI202200088','Neeraj','Chatterjee','2004-04-15','neeraj.chatterjee88@university.edu',2022,'DROPPED'),
(89,5,13,'UNI201900089','Rohini','Tiwari','1997-07-14','rohini.tiwari89@university.edu',2019,'ACTIVE'),
(90,4,12,'UNI202200090','Shikha','Kulkarni','2001-10-03','shikha.kulkarni90@university.edu',2022,'ON_LEAVE'),
(91,7,18,'UNI202200091','Simran','Bose','2003-05-20','simran.bose91@university.edu',2022,'ACTIVE'),
(92,1,1,'UNI202200092','Vijay','Pandey','2003-08-28','vijay.pandey92@university.edu',2022,'SUSPENDED'),
(93,9,20,'UNI202200093','Nalini','Verma','2000-10-15','nalini.verma93@university.edu',2022,'ON_LEAVE'),
(94,1,3,'UNI202000094','Vishal','Menon','1999-04-04','vishal.menon94@university.edu',2020,'ACTIVE'),
(95,5,13,'UNI202200095','Sneha','Chopra','2002-06-22','sneha.chopra95@university.edu',2022,'DROPPED'),
(96,5,13,'UNI202200096','Sakshi','Kulkarni','2002-02-11','sakshi.kulkarni96@university.edu',2022,'ACTIVE'),
(97,10,24,'UNI202100097','Neeraj','Singh','2002-11-29','neeraj.singh97@university.edu',2021,'ACTIVE'),
(98,9,21,'UNI201900098','Arjun','Kulkarni','2000-04-12','arjun.kulkarni98@university.edu',2019,'DROPPED'),
(99,9,20,'UNI202000099','Kunal','Das','1999-12-09','kunal.das99@university.edu',2020,'ACTIVE'),
(100,2,7,'UNI202100100','Devika','Tiwari','2001-03-27','devika.tiwari100@university.edu',2021,'GRADUATED'),
(101,10,24,'UNI202000101','Ishaan','Deshpande','2000-02-25','ishaan.deshpande101@university.edu',2020,'GRADUATED'),
(102,3,10,'UNI202200102','Ritesh','Mukherjee','2001-04-12','ritesh.mukherjee102@university.edu',2022,'ACTIVE'),
(103,10,23,'UNI201900103','Udayan','Das','1999-12-17','udayan.das103@university.edu',2019,'GRADUATED'),
(104,1,4,'UNI201900104','Reema','Patil','1999-09-30','reema.patil104@university.edu',2019,'ACTIVE'),
(105,4,12,'UNI202100105','Deepa','Chaudhary','2003-08-04','deepa.chaudhary105@university.edu',2021,'DROPPED'),
(106,1,4,'UNI202200106','Ankita','Bhat','2003-08-11','ankita.bhat106@university.edu',2022,'ACTIVE'),
(107,6,17,'UNI202300107','Ankit','Sinha','2001-09-05','ankit.sinha107@university.edu',2023,'ACTIVE'),
(108,10,24,'UNI202100108','Sameer','Sinha','2002-02-14','sameer.sinha108@university.edu',2021,'ACTIVE'),
(109,5,15,'UNI202200109','Ravi','Kulkarni','2000-11-08','ravi.kulkarni109@university.edu',2022,'ON_LEAVE'),
(110,4,11,'UNI202100110','Amita','Soni','2002-09-07','amita.soni110@university.edu',2021,'ACTIVE'),
(111,3,9,'UNI202300111','Tanvi','Sinha','2003-10-12','tanvi.sinha111@university.edu',2023,'ACTIVE'),
(112,2,7,'UNI202200112','Divya','Das','2001-10-12','divya.das112@university.edu',2022,'DROPPED'),
(113,10,23,'UNI202200113','Farhan','Lal','2001-01-09','farhan.lal113@university.edu',2022,'ACTIVE'),
(114,3,8,'UNI202000114','Vinita','Tiwari','2000-12-05','vinita.tiwari114@university.edu',2020,'GRADUATED'),
(115,6,16,'UNI202100115','Payal','Ahuja','2000-10-08','payal.ahuja115@university.edu',2021,'ACTIVE'),
(116,10,23,'UNI202100116','Chetan','Sinha','2001-04-29','chetan.sinha116@university.edu',2021,'ACTIVE'),
(117,2,7,'UNI202300117','Shreya','Rao','2004-04-08','shreya.rao117@university.edu',2023,'ACTIVE'),
(118,6,16,'UNI202300118','Sakshi','Naik','2001-11-02','sakshi.naik118@university.edu',2023,'ACTIVE'),
(119,1,4,'UNI202000119','Naina','Trivedi','2000-04-01','naina.trivedi119@university.edu',2020,'ACTIVE'),
(120,10,23,'UNI202100120','Nalini','Nair','2003-01-28','nalini.nair120@university.edu',2021,'GRADUATED'),
(121,10,23,'UNI202200121','Kabir','Mathur','2004-01-07','kabir.mathur121@university.edu',2022,'GRADUATED'),
(122,6,16,'UNI202100122','Garima','Banerjee','2002-01-27','garima.banerjee122@university.edu',2021,'ACTIVE'),
(123,6,16,'UNI201900123','Ishaan','Jadhav','1998-09-09','ishaan.jadhav123@university.edu',2019,'ACTIVE'),
(124,9,21,'UNI202000124','Dinesh','Singh','2001-10-16','dinesh.singh124@university.edu',2020,'SUSPENDED'),
(125,1,3,'UNI202300125','Ravi','Rao','2002-11-07','ravi.rao125@university.edu',2023,'GRADUATED'),
(126,9,20,'UNI202300126','Pooja','Deshpande','2002-08-19','pooja.deshpande126@university.edu',2023,'SUSPENDED'),
(127,3,10,'UNI202100127','Sameer','Menon','1999-11-14','sameer.menon127@university.edu',2021,'ACTIVE'),
(128,10,24,'UNI202000128','Gaurav','Kulkarni','2001-05-16','gaurav.kulkarni128@university.edu',2020,'ON_LEAVE'),
(129,2,6,'UNI202300129','Rahul','Mishra','2005-03-22','rahul.mishra129@university.edu',2023,'ACTIVE'),
(130,5,15,'UNI202100130','Sangeeta','Dubey','2003-04-29','sangeeta.dubey130@university.edu',2021,'ACTIVE'),
(131,3,10,'UNI202000131','Chetan','Kumar','2000-11-16','chetan.kumar131@university.edu',2020,'GRADUATED'),
(132,2,7,'UNI202300132','Aditya','Rao','2004-11-27','aditya.rao132@university.edu',2023,'ACTIVE'),
(133,3,9,'UNI201900133','Kiran','Kumar','2000-06-06','kiran.kumar133@university.edu',2019,'GRADUATED'),
(134,8,19,'UNI201900134','Sanjay','Banerjee','1998-12-19','sanjay.banerjee134@university.edu',2019,'ACTIVE'),
(135,5,13,'UNI202300135','Sahil','Chaudhary','2002-08-13','sahil.chaudhary135@university.edu',2023,'ACTIVE'),
(136,1,2,'UNI202100136','Ankita','Shetty','1999-05-09','ankita.shetty136@university.edu',2021,'ACTIVE'),
(137,3,8,'UNI202300137','Chandni','More','2001-01-11','chandni.more137@university.edu',2023,'SUSPENDED'),
(138,9,22,'UNI201900138','Sahil','Sethi','2000-08-28','sahil.sethi138@university.edu',2019,'GRADUATED'),
(139,5,15,'UNI202300139','Sakshi','Mishra','2002-11-22','sakshi.mishra139@university.edu',2023,'DROPPED'),
(140,1,3,'UNI202200140','Farhan','Kapoor','2002-06-14','farhan.kapoor140@university.edu',2022,'ON_LEAVE'),
(141,2,6,'UNI202200141','Suresh','Thakur','2002-12-06','suresh.thakur141@university.edu',2022,'SUSPENDED'),
(142,7,18,'UNI201900142','Ananya','Chatterjee','1999-05-10','ananya.chatterjee142@university.edu',2019,'ACTIVE'),
(143,5,13,'UNI201900143','Komal','Jadhav','1997-08-25','komal.jadhav143@university.edu',2019,'ACTIVE'),
(144,2,7,'UNI202300144','Lavanya','Bhat','2002-11-17','lavanya.bhat144@university.edu',2023,'ACTIVE'),
(145,1,2,'UNI202300145','Omkar','Sinha','2004-05-27','omkar.sinha145@university.edu',2023,'ACTIVE'),
(146,10,23,'UNI201900146','Hemant','Rao','1997-05-03','hemant.rao146@university.edu',2019,'ON_LEAVE'),
(147,3,10,'UNI202300147','Payal','Sharma','2002-02-17','payal.sharma147@university.edu',2023,'ACTIVE'),
(148,1,4,'UNI202000148','Devika','Rao','1999-05-30','devika.rao148@university.edu',2020,'GRADUATED'),
(149,3,9,'UNI202200149','Zara','More','2001-05-05','zara.more149@university.edu',2022,'ACTIVE'),
(150,2,5,'UNI202300150','Vijay','Reddy','2001-03-11','vijay.reddy150@university.edu',2023,'DROPPED'),
(151,3,9,'UNI202300151','Zara','Pandey','2003-01-02','zara.pandey151@university.edu',2023,'ACTIVE'),
(152,3,10,'UNI202200152','Sameer','Rajan','2003-08-17','sameer.rajan152@university.edu',2022,'GRADUATED'),
(153,4,12,'UNI202300153','Suresh','Bedi','2002-08-22','suresh.bedi153@university.edu',2023,'SUSPENDED'),
(154,2,7,'UNI202200154','Rahul','Sethi','2003-07-30','rahul.sethi154@university.edu',2022,'ACTIVE'),
(155,10,24,'UNI202200155','Farhan','Bhatt','2001-12-06','farhan.bhatt155@university.edu',2022,'DROPPED'),
(156,9,21,'UNI201900156','Kunal','Soni','2000-09-14','kunal.soni156@university.edu',2019,'SUSPENDED'),
(157,4,11,'UNI202200157','Gaurav','Wagh','2004-09-26','gaurav.wagh157@university.edu',2022,'SUSPENDED'),
(158,1,1,'UNI202000158','Kiran','Thakur','2002-08-29','kiran.thakur158@university.edu',2020,'DROPPED'),
(159,3,9,'UNI202200159','Tanvi','Arora','2004-06-17','tanvi.arora159@university.edu',2022,'DROPPED'),
(160,7,18,'UNI202200160','Vidya','Shah','2000-01-19','vidya.shah160@university.edu',2022,'GRADUATED'),
(161,3,8,'UNI202100161','Udayan','Mukherjee','2002-02-16','udayan.mukherjee161@university.edu',2021,'ACTIVE'),
(162,1,4,'UNI201900162','Vasudha','Bhatt','1998-03-27','vasudha.bhatt162@university.edu',2019,'ON_LEAVE'),
(163,1,1,'UNI201900163','Arjun','Shah','1999-07-03','arjun.shah163@university.edu',2019,'ACTIVE'),
(164,2,5,'UNI202200164','Ravi','Ahuja','2000-12-15','ravi.ahuja164@university.edu',2022,'DROPPED'),
(165,2,6,'UNI202300165','Meera','Mehta','2002-11-14','meera.mehta165@university.edu',2023,'ON_LEAVE'),
(166,6,16,'UNI202000166','Rohini','Iyer','1999-11-23','rohini.iyer166@university.edu',2020,'ACTIVE'),
(167,3,9,'UNI202200167','Bindu','Sharma','2002-12-13','bindu.sharma167@university.edu',2022,'GRADUATED'),
(168,1,3,'UNI202300168','Arnav','Kapoor','2003-11-24','arnav.kapoor168@university.edu',2023,'SUSPENDED'),
(169,10,23,'UNI202100169','Riya','Chatterjee','2002-07-16','riya.chatterjee169@university.edu',2021,'DROPPED'),
(170,1,4,'UNI202300170','Rahul','Saxena','2003-10-22','rahul.saxena170@university.edu',2023,'ACTIVE'),
(171,10,23,'UNI202200171','Sarika','Verma','2002-01-05','sarika.verma171@university.edu',2022,'GRADUATED'),
(172,9,22,'UNI202200172','Bhavna','Nanda','2002-04-28','bhavna.nanda172@university.edu',2022,'GRADUATED'),
(173,4,12,'UNI202000173','Pooja','Mathur','1998-05-09','pooja.mathur173@university.edu',2020,'ON_LEAVE'),
(174,10,24,'UNI202000174','Arun','Mukherjee','2002-11-18','arun.mukherjee174@university.edu',2020,'ON_LEAVE'),
(175,3,10,'UNI202300175','Arnav','Patel','2003-03-09','arnav.patel175@university.edu',2023,'ACTIVE'),
(176,3,10,'UNI202200176','Sneha','Shetty','2003-04-13','sneha.shetty176@university.edu',2022,'ACTIVE'),
(177,7,18,'UNI202300177','Vandana','Ahuja','2003-03-26','vandana.ahuja177@university.edu',2023,'ACTIVE'),
(178,6,16,'UNI202100178','Sarika','Shetty','2003-08-28','sarika.shetty178@university.edu',2021,'SUSPENDED'),
(179,2,5,'UNI202200179','Pooja','Wagh','2000-07-06','pooja.wagh179@university.edu',2022,'ACTIVE'),
(180,5,13,'UNI202300180','Aditi','Malhotra','2005-08-21','aditi.malhotra180@university.edu',2023,'ACTIVE'),
(181,10,24,'UNI202300181','Chandni','Malhotra','2002-11-23','chandni.malhotra181@university.edu',2023,'SUSPENDED'),
(182,1,4,'UNI202200182','Chandni','Bose','2004-11-13','chandni.bose182@university.edu',2022,'SUSPENDED'),
(183,7,18,'UNI202000183','Sneha','Arora','2002-11-22','sneha.arora183@university.edu',2020,'DROPPED'),
(184,10,23,'UNI202200184','Shikha','Lal','2004-03-12','shikha.lal184@university.edu',2022,'ACTIVE'),
(185,1,2,'UNI201900185','Shikha','Soni','2001-05-01','shikha.soni185@university.edu',2019,'SUSPENDED'),
(186,2,5,'UNI202100186','Vijay','Chatterjee','1999-08-03','vijay.chatterjee186@university.edu',2021,'GRADUATED'),
(187,10,24,'UNI201900187','Kunal','Thakur','1998-11-12','kunal.thakur187@university.edu',2019,'ACTIVE'),
(188,3,9,'UNI202100188','Ananya','Tiwari','2002-08-16','ananya.tiwari188@university.edu',2021,'ACTIVE'),
(189,3,8,'UNI202100189','Vandana','Joshi','1999-11-27','vandana.joshi189@university.edu',2021,'ACTIVE'),
(190,5,13,'UNI201900190','Sakshi','Reddy','1998-02-16','sakshi.reddy190@university.edu',2019,'ON_LEAVE'),
(191,9,21,'UNI201900191','Vasudha','Nanda','2001-06-20','vasudha.nanda191@university.edu',2019,'ACTIVE'),
(192,2,5,'UNI201900192','Reema','Chopra','1997-04-17','reema.chopra192@university.edu',2019,'GRADUATED'),
(193,3,8,'UNI202000193','Suresh','Deshpande','1998-01-02','suresh.deshpande193@university.edu',2020,'ACTIVE'),
(194,2,5,'UNI202100194','Kabir','Khanna','2002-02-26','kabir.khanna194@university.edu',2021,'ON_LEAVE'),
(195,1,1,'UNI202100195','Kabir','Sharma','2002-10-29','kabir.sharma195@university.edu',2021,'ACTIVE'),
(196,2,6,'UNI202000196','Rohan','Singh','1999-09-27','rohan.singh196@university.edu',2020,'ACTIVE'),
(197,1,3,'UNI202100197','Farhan','Banerjee','1999-10-31','farhan.banerjee197@university.edu',2021,'ACTIVE'),
(198,6,17,'UNI201900198','Pooja','Arora','1997-06-04','pooja.arora198@university.edu',2019,'ACTIVE'),
(199,1,1,'UNI202200199','Chirag','Dubey','2001-12-18','chirag.dubey199@university.edu',2022,'ACTIVE'),
(200,10,23,'UNI201900200','Arnav','Kumar','1999-11-08','arnav.kumar200@university.edu',2019,'ACTIVE'),
(201,2,5,'UNI202300201','Sakshi','Arora','2001-12-31','sakshi.arora201@university.edu',2023,'ACTIVE'),
(202,9,20,'UNI202200202','Madhav','Trivedi','2000-11-05','madhav.trivedi202@university.edu',2022,'ACTIVE'),
(203,10,23,'UNI202300203','Ishaan','Desai','2004-08-08','ishaan.desai203@university.edu',2023,'ACTIVE'),
(204,3,8,'UNI202200204','Yash','Pandey','2001-08-01','yash.pandey204@university.edu',2022,'ON_LEAVE'),
(205,4,11,'UNI202100205','Aditya','Shah','2001-03-20','aditya.shah205@university.edu',2021,'ON_LEAVE'),
(206,6,16,'UNI201900206','Deepa','Mehta','2001-08-10','deepa.mehta206@university.edu',2019,'ACTIVE'),
(207,10,24,'UNI202000207','Varun','Gaikwad','1998-01-31','varun.gaikwad207@university.edu',2020,'GRADUATED'),
(208,7,18,'UNI201900208','Rajat','Pandey','1998-07-01','rajat.pandey208@university.edu',2019,'DROPPED'),
(209,5,14,'UNI202300209','Bhavna','Trivedi','2003-06-30','bhavna.trivedi209@university.edu',2023,'ACTIVE'),
(210,6,17,'UNI202200210','Pallavi','Iyer','2003-02-25','pallavi.iyer210@university.edu',2022,'ACTIVE'),
(211,7,18,'UNI202100211','Varun','Rao','1999-04-26','varun.rao211@university.edu',2021,'DROPPED'),
(212,7,18,'UNI202300212','Tarun','Arora','2005-11-08','tarun.arora212@university.edu',2023,'SUSPENDED'),
(213,10,23,'UNI202000213','Sahil','Verma','2000-12-25','sahil.verma213@university.edu',2020,'DROPPED'),
(214,4,11,'UNI202000214','Tushar','Sharma','2001-10-17','tushar.sharma214@university.edu',2020,'ON_LEAVE'),
(215,1,3,'UNI201900215','Kiran','Shetty','2001-09-29','kiran.shetty215@university.edu',2019,'ACTIVE'),
(216,5,14,'UNI202000216','Chetan','Pandey','2000-06-08','chetan.pandey216@university.edu',2020,'ON_LEAVE'),
(217,8,19,'UNI201900217','Sangeeta','Mehta','2000-03-21','sangeeta.mehta217@university.edu',2019,'DROPPED'),
(218,1,2,'UNI202100218','Chandni','Mehta','2000-12-04','chandni.mehta218@university.edu',2021,'ACTIVE'),
(219,9,20,'UNI202100219','Arnav','Thakur','2002-09-20','arnav.thakur219@university.edu',2021,'ACTIVE'),
(220,5,14,'UNI202300220','Ishaan','Trivedi','2002-09-27','ishaan.trivedi220@university.edu',2023,'ON_LEAVE'),
(221,1,2,'UNI202300221','Pooja','Yadav','2005-01-04','pooja.yadav221@university.edu',2023,'ACTIVE'),
(222,2,7,'UNI202100222','Kavya','Kulkarni','2001-06-17','kavya.kulkarni222@university.edu',2021,'ACTIVE'),
(223,6,16,'UNI202000223','Ankita','Mishra','1999-09-30','ankita.mishra223@university.edu',2020,'ON_LEAVE'),
(224,6,17,'UNI202100224','Rajat','More','2003-07-23','rajat.more224@university.edu',2021,'DROPPED'),
(225,1,2,'UNI202200225','Ankita','Verma','2004-06-09','ankita.verma225@university.edu',2022,'GRADUATED'),
(226,8,19,'UNI202200226','Vinita','Bhatt','2002-02-28','vinita.bhatt226@university.edu',2022,'ACTIVE'),
(227,4,11,'UNI202300227','Manish','Gaikwad','2002-12-20','manish.gaikwad227@university.edu',2023,'SUSPENDED'),
(228,1,3,'UNI201900228','Ankita','Desai','2000-08-11','ankita.desai228@university.edu',2019,'GRADUATED'),
(229,6,17,'UNI202100229','Divya','Yadav','2001-04-24','divya.yadav229@university.edu',2021,'ACTIVE'),
(230,2,6,'UNI201900230','Dhruv','Chaudhary','1997-09-19','dhruv.chaudhary230@university.edu',2019,'ACTIVE'),
(231,4,12,'UNI202000231','Tushar','Naik','2001-02-22','tushar.naik231@university.edu',2020,'ACTIVE'),
(232,2,7,'UNI202000232','Meera','Nanda','2002-04-01','meera.nanda232@university.edu',2020,'SUSPENDED'),
(233,9,21,'UNI202300233','Isha','Chatterjee','2001-08-18','isha.chatterjee233@university.edu',2023,'ON_LEAVE'),
(234,8,19,'UNI202300234','Vishal','Mathur','2003-11-18','vishal.mathur234@university.edu',2023,'ACTIVE'),
(235,5,15,'UNI202200235','Deepa','Dubey','2002-05-21','deepa.dubey235@university.edu',2022,'GRADUATED'),
(236,4,12,'UNI202100236','Jatin','Kumar','2000-08-19','jatin.kumar236@university.edu',2021,'ACTIVE'),
(237,4,12,'UNI201900237','Sanjay','Kumar','1997-11-01','sanjay.kumar237@university.edu',2019,'GRADUATED'),
(238,5,15,'UNI201900238','Rohini','Bedi','1998-10-20','rohini.bedi238@university.edu',2019,'ON_LEAVE'),
(239,4,11,'UNI202300239','Simran','Dubey','2004-02-01','simran.dubey239@university.edu',2023,'ACTIVE'),
(240,4,11,'UNI202000240','Divya','Chaudhary','2002-05-07','divya.chaudhary240@university.edu',2020,'ON_LEAVE'),
(241,5,15,'UNI202300241','Madhav','Ahuja','2004-07-05','madhav.ahuja241@university.edu',2023,'ACTIVE'),
(242,3,10,'UNI202100242','Vijay','Thakur','1999-01-27','vijay.thakur242@university.edu',2021,'DROPPED'),
(243,9,21,'UNI202100243','Suresh','Kumar','2003-10-13','suresh.kumar243@university.edu',2021,'ON_LEAVE'),
(244,3,10,'UNI202300244','Riya','Naik','2004-06-19','riya.naik244@university.edu',2023,'ACTIVE'),
(245,9,22,'UNI202100245','Kiran','Kapoor','2000-03-07','kiran.kapoor245@university.edu',2021,'GRADUATED'),
(246,1,3,'UNI202200246','Shiv','Bedi','2002-03-07','shiv.bedi246@university.edu',2022,'ON_LEAVE'),
(247,10,24,'UNI201900247','Dinesh','Ahuja','1998-09-18','dinesh.ahuja247@university.edu',2019,'ACTIVE'),
(248,4,12,'UNI202000248','Shiv','Mishra','2000-09-05','shiv.mishra248@university.edu',2020,'ACTIVE'),
(249,2,5,'UNI202100249','Kunal','Kumar','2003-09-17','kunal.kumar249@university.edu',2021,'DROPPED'),
(250,10,24,'UNI202100250','Madhav','Patel','1999-03-09','madhav.patel250@university.edu',2021,'GRADUATED');

-- ── PROFESSOR (60 rows) ────────────────────────────────────────
INSERT INTO professor (professor_id, name, email, designation) VALUES
(1,'Dr. Kunal Gupta','prof.kunal1@university.edu','Associate Professor'),
(2,'Dr. Tarun Gaikwad','prof.tarun2@university.edu','Associate Professor'),
(3,'Dr. Arnav Patel','prof.arnav3@university.edu','Senior Professor'),
(4,'Dr. Vandana Mukherjee','prof.vandana4@university.edu','Visiting Professor'),
(5,'Dr. Rahul Banerjee','prof.rahul5@university.edu','Adjunct Professor'),
(6,'Dr. Sanjay Kulkarni','prof.sanjay6@university.edu','Visiting Professor'),
(7,'Dr. Bharat Bose','prof.bharat7@university.edu','Adjunct Professor'),
(8,'Dr. Rahul Pillai','prof.rahul8@university.edu','Senior Professor'),
(9,'Dr. Naina Bhat','prof.naina9@university.edu','Visiting Professor'),
(10,'Dr. Ritesh Banerjee','prof.ritesh10@university.edu','Senior Professor'),
(11,'Dr. Sanjay Deshpande','prof.sanjay11@university.edu','Senior Professor'),
(12,'Dr. Jatin Ahuja','prof.jatin12@university.edu','Senior Professor'),
(13,'Dr. Lakshmi Jadhav','prof.lakshmi13@university.edu','Associate Professor'),
(14,'Dr. Simran Nair','prof.simran14@university.edu','Professor'),
(15,'Dr. Bhavna Lal','prof.bhavna15@university.edu','Senior Professor'),
(16,'Dr. Varun Bedi','prof.varun16@university.edu','Assistant Professor'),
(17,'Dr. Lavanya Desai','prof.lavanya17@university.edu','Assistant Professor'),
(18,'Dr. Sanjay Mehta','prof.sanjay18@university.edu','Associate Professor'),
(19,'Dr. Sahil Banerjee','prof.sahil19@university.edu','Adjunct Professor'),
(20,'Dr. Kiran More','prof.kiran20@university.edu','Senior Professor'),
(21,'Dr. Esha Bose','prof.esha21@university.edu','Senior Professor'),
(22,'Dr. Tushar Verma','prof.tushar22@university.edu','Senior Professor'),
(23,'Dr. Bhavna Yadav','prof.bhavna23@university.edu','Adjunct Professor'),
(24,'Dr. Varun Das','prof.varun24@university.edu','Senior Professor'),
(25,'Dr. Divya Bhat','prof.divya25@university.edu','Associate Professor'),
(26,'Dr. Amita Shah','prof.amita26@university.edu','Assistant Professor'),
(27,'Dr. Ankit Pandey','prof.ankit27@university.edu','Associate Professor'),
(28,'Dr. Kavya Patel','prof.kavya28@university.edu','Professor'),
(29,'Dr. Farhan Tiwari','prof.farhan29@university.edu','Associate Professor'),
(30,'Dr. Farhan Banerjee','prof.farhan30@university.edu','Adjunct Professor'),
(31,'Dr. Aarav Mehta','prof.aarav31@university.edu','Assistant Professor'),
(32,'Dr. Riya Chopra','prof.riya32@university.edu','Associate Professor'),
(33,'Dr. Payal Naik','prof.payal33@university.edu','Adjunct Professor'),
(34,'Dr. Madhav Menon','prof.madhav34@university.edu','Assistant Professor'),
(35,'Dr. Sanjay Das','prof.sanjay35@university.edu','Professor'),
(36,'Dr. Jaya Singh','prof.jaya36@university.edu','Associate Professor'),
(37,'Dr. Zara Mathur','prof.zara37@university.edu','Adjunct Professor'),
(38,'Dr. Chetan Kumar','prof.chetan38@university.edu','Assistant Professor'),
(39,'Dr. Isha Nanda','prof.isha39@university.edu','Adjunct Professor'),
(40,'Dr. Akash Mathur','prof.akash40@university.edu','Adjunct Professor'),
(41,'Dr. Ritesh Das','prof.ritesh41@university.edu','Visiting Professor'),
(42,'Dr. Kiran Trivedi','prof.kiran42@university.edu','Senior Professor'),
(43,'Dr. Aarav Arora','prof.aarav43@university.edu','Professor'),
(44,'Dr. Rahul Sethi','prof.rahul44@university.edu','Senior Professor'),
(45,'Dr. Mihir Ghosh','prof.mihir45@university.edu','Visiting Professor'),
(46,'Dr. Divya Ahuja','prof.divya46@university.edu','Professor'),
(47,'Dr. Deepa Ahuja','prof.deepa47@university.edu','Adjunct Professor'),
(48,'Dr. Jatin Patil','prof.jatin48@university.edu','Adjunct Professor'),
(49,'Dr. Payal Verma','prof.payal49@university.edu','Senior Professor'),
(50,'Dr. Farhan Patel','prof.farhan50@university.edu','Visiting Professor'),
(51,'Dr. Vijay Bhat','prof.vijay51@university.edu','Professor'),
(52,'Dr. Akash Kapoor','prof.akash52@university.edu','Assistant Professor'),
(53,'Dr. Tushar Das','prof.tushar53@university.edu','Visiting Professor'),
(54,'Dr. Arun Mathur','prof.arun54@university.edu','Assistant Professor'),
(55,'Dr. Rohini Shetty','prof.rohini55@university.edu','Professor'),
(56,'Dr. Kavya Patel','prof.kavya56@university.edu','Professor'),
(57,'Dr. Neeraj Pandey','prof.neeraj57@university.edu','Visiting Professor'),
(58,'Dr. Meera More','prof.meera58@university.edu','Visiting Professor'),
(59,'Dr. Devika Tiwari','prof.devika59@university.edu','Senior Professor'),
(60,'Dr. Udayan Mishra','prof.udayan60@university.edu','Associate Professor');

-- ── COURSE (65 rows) ──────────────────────────────────────────
INSERT INTO course (course_id, course_code, title, credits) VALUES
(1,'CS110','Data Structures',2),
(2,'CS120','Algorithms',4),
(3,'CS130','Database Management Systems',3),
(4,'CS140','Operating Systems',2),
(5,'CS150','Computer Networks',3),
(6,'CS160','Software Engineering',3),
(7,'MA110','Machine Learning',2),
(8,'MA120','Deep Learning',3),
(9,'MA130','Compiler Design',2),
(10,'MA140','Computer Architecture',3),
(11,'MA150','Probability & Statistics',3),
(12,'MA160','Linear Algebra',4),
(13,'PH110','Calculus',3),
(14,'PH120','Differential Equations',4),
(15,'PH130','Numerical Methods',3),
(16,'PH140','Quantum Mechanics',3),
(17,'PH150','Thermodynamics',2),
(18,'EE110','Electromagnetism',4),
(19,'EE120','Signals & Systems',3),
(20,'EE130','Control Systems',3),
(21,'EE140','Analog Electronics',3),
(22,'EE150','Digital Electronics',2),
(23,'EE160','VLSI Design',4),
(24,'ME110','Power Systems',3),
(25,'ME120','Fluid Mechanics',3),
(26,'ME130','Strength of Materials',2),
(27,'ME140','Manufacturing Processes',3),
(28,'ME150','Organic Chemistry',3),
(29,'CH110','Physical Chemistry',3),
(30,'CH120','Biochemistry',4),
(31,'CH130','Genetics',3),
(32,'CH140','Microbiology',3),
(33,'HS110','Bioinformatics',3),
(34,'HS120','Cell Biology',3),
(35,'HS130','Philosophy of Science',3),
(36,'HS140','Technical Writing',4),
(37,'EC110','Economics I',3),
(38,'EC120','Economics II',3),
(39,'EC130','Microeconomics',4),
(40,'EC140','Macroeconomics',3),
(41,'BT110','Structural Analysis',2),
(42,'BT120','Geotechnical Engineering',4),
(43,'BT130','Surveying',3),
(44,'BT140','Environmental Engineering',2),
(45,'CE110','Transportation Engineering',3),
(46,'CE120','Artificial Intelligence',4),
(47,'CE130','Computer Vision',3),
(48,'CE140','Natural Language Processing',4),
(49,'CE150','Cloud Computing',3),
(50,'GE050','Cybersecurity',3),
(51,'GE051','Blockchain Technology',2),
(52,'GE052','Internet of Things',2),
(53,'GE053','Embedded Systems',3),
(54,'GE054','Robotics',4),
(55,'GE055','Engineering Mathematics I',3),
(56,'GE056','Engineering Mathematics II',3),
(57,'GE057','Engineering Mathematics III',3),
(58,'GE058','Engineering Physics',4),
(59,'GE059','Engineering Chemistry',4),
(60,'GE060','Engineering Drawing',3),
(61,'GE061','Workshop Practice',2),
(62,'GE062','Professional Ethics',4),
(63,'GE063','Management Science',3),
(64,'GE064','Operations Research',3),
(65,'GE065','Design Thinking',3);

-- ── SEMESTER (10 rows) ────────────────────────────────────────
INSERT INTO semester (semester_id, term, year) VALUES
(1,'ODD',2020),
(2,'EVEN',2020),
(3,'ODD',2021),
(4,'EVEN',2021),
(5,'ODD',2022),
(6,'EVEN',2022),
(7,'ODD',2023),
(8,'EVEN',2023),
(9,'ODD',2024),
(10,'EVEN',2024);

-- ── COURSE OFFERING (120 rows) ────────────────────────────────
INSERT INTO course_offering (offering_id, course_id, semester_id, schedule_days, start_time, max_capacity, enrolled_count) VALUES
(1,6,1,'MON,WED','10:00:00',40,24),
(2,46,1,'MON,THU','16:00:00',40,24),
(3,40,1,'MON,WED,FRI','11:00:00',80,43),
(4,28,1,'MON,WED','15:00:00',70,22),
(5,18,1,'MON,THU','10:00:00',80,48),
(6,41,1,'MON,WED','14:00:00',60,24),
(7,51,1,'MON,THU','10:00:00',70,43),
(8,4,1,'WED,FRI','14:00:00',80,37),
(9,5,1,'TUE,THU','09:00:00',40,25),
(10,43,1,'WED,FRI','15:00:00',70,27),
(11,60,1,'MON,WED','12:00:00',80,48),
(12,26,1,'TUE,THU','12:00:00',80,78),
(13,63,2,'TUE,FRI','14:00:00',80,42),
(14,26,2,'TUE,FRI','09:00:00',70,54),
(15,8,2,'MON,WED','12:00:00',50,42),
(16,9,2,'TUE,FRI','10:00:00',60,52),
(17,55,2,'TUE,THU','09:00:00',50,45),
(18,5,2,'TUE,THU','11:00:00',60,21),
(19,29,2,'MON,WED','14:00:00',60,55),
(20,12,2,'TUE,THU','09:00:00',40,29),
(21,46,2,'WED,FRI','16:00:00',70,46),
(22,59,2,'WED,FRI','09:00:00',50,30),
(23,6,2,'TUE,FRI','09:00:00',60,49),
(24,52,2,'TUE,FRI','14:00:00',50,48),
(25,24,3,'TUE,THU','10:00:00',60,34),
(26,17,3,'MON,WED','12:00:00',40,28),
(27,28,3,'TUE,THU','12:00:00',50,40),
(28,33,3,'MON,WED','09:00:00',70,61),
(29,59,3,'TUE,THU','10:00:00',50,41),
(30,56,3,'MON,THU','14:00:00',70,22),
(31,4,3,'MON,WED,FRI','09:00:00',40,40),
(32,54,3,'MON,THU','12:00:00',80,33),
(33,8,3,'MON,THU','15:00:00',70,60),
(34,34,3,'MON,WED,FRI','16:00:00',80,54),
(35,10,3,'MON,WED','12:00:00',60,35),
(36,20,3,'TUE,FRI','15:00:00',60,49),
(37,10,4,'TUE,FRI','14:00:00',80,75),
(38,8,4,'MON,WED','15:00:00',50,44),
(39,11,4,'MON,WED','09:00:00',60,35),
(40,29,4,'WED,FRI','09:00:00',60,48),
(41,27,4,'TUE,THU','10:00:00',40,21),
(42,31,4,'MON,WED','15:00:00',70,46),
(43,30,4,'TUE,THU','10:00:00',60,56),
(44,14,4,'TUE,FRI','14:00:00',50,44),
(45,22,4,'TUE,THU','16:00:00',70,49),
(46,39,4,'WED,FRI','12:00:00',60,21),
(47,65,4,'MON,WED,FRI','15:00:00',70,49),
(48,21,4,'TUE,THU','11:00:00',70,42),
(49,7,5,'MON,WED,FRI','09:00:00',60,28),
(50,65,5,'MON,WED','14:00:00',60,43),
(51,19,5,'MON,WED,FRI','15:00:00',40,38),
(52,32,5,'MON,THU','11:00:00',60,55),
(53,39,5,'MON,WED','09:00:00',60,52),
(54,57,5,'WED,FRI','12:00:00',70,63),
(55,54,5,'MON,THU','09:00:00',50,23),
(56,42,5,'WED,FRI','14:00:00',60,55),
(57,44,5,'MON,WED','10:00:00',50,39),
(58,31,5,'MON,THU','15:00:00',70,22),
(59,63,5,'MON,WED,FRI','08:00:00',50,42),
(60,35,5,'MON,WED','16:00:00',70,49),
(61,20,6,'MON,THU','14:00:00',70,52),
(62,18,6,'MON,THU','16:00:00',80,56),
(63,21,6,'MON,WED','16:00:00',40,31),
(64,60,6,'MON,WED','09:00:00',60,57),
(65,40,6,'MON,WED','08:00:00',70,50),
(66,63,6,'MON,WED','11:00:00',80,23),
(67,11,6,'MON,THU','16:00:00',50,36),
(68,26,6,'TUE,FRI','15:00:00',50,46),
(69,61,6,'TUE,FRI','11:00:00',40,38),
(70,48,6,'TUE,FRI','09:00:00',50,20),
(71,54,6,'WED,FRI','14:00:00',60,29),
(72,65,6,'WED,FRI','11:00:00',60,52),
(73,61,7,'MON,WED','10:00:00',60,54),
(74,8,7,'MON,WED','14:00:00',80,69),
(75,46,7,'TUE,FRI','12:00:00',70,50),
(76,9,7,'TUE,THU','11:00:00',60,55),
(77,34,7,'MON,WED','11:00:00',60,38),
(78,14,7,'TUE,FRI','11:00:00',80,65),
(79,36,7,'WED,FRI','14:00:00',60,42),
(80,21,7,'MON,THU','12:00:00',60,27),
(81,43,7,'MON,THU','15:00:00',60,42),
(82,31,7,'TUE,THU','12:00:00',40,29),
(83,65,7,'TUE,FRI','09:00:00',60,48),
(84,25,7,'TUE,FRI','12:00:00',80,50),
(85,28,8,'TUE,FRI','11:00:00',50,21),
(86,26,8,'TUE,FRI','11:00:00',80,34),
(87,53,8,'MON,WED,FRI','09:00:00',60,41),
(88,35,8,'TUE,FRI','16:00:00',40,24),
(89,18,8,'MON,WED,FRI','10:00:00',60,50),
(90,60,8,'WED,FRI','11:00:00',60,40),
(91,36,8,'MON,WED','08:00:00',40,40),
(92,45,8,'MON,THU','11:00:00',70,67),
(93,61,8,'TUE,FRI','08:00:00',50,33),
(94,9,8,'TUE,THU','08:00:00',60,51),
(95,7,8,'TUE,THU','12:00:00',40,20),
(96,40,8,'MON,WED','09:00:00',60,38),
(97,59,9,'MON,WED','10:00:00',80,49),
(98,64,9,'TUE,FRI','12:00:00',80,31),
(99,57,9,'MON,WED,FRI','14:00:00',60,56),
(100,61,9,'TUE,FRI','11:00:00',50,39),
(101,9,9,'TUE,FRI','15:00:00',60,52),
(102,55,9,'MON,WED','09:00:00',60,26),
(103,33,9,'TUE,THU','10:00:00',60,40),
(104,30,9,'TUE,THU','08:00:00',60,44),
(105,18,9,'TUE,THU','16:00:00',60,41),
(106,13,9,'MON,WED','08:00:00',60,43),
(107,52,9,'TUE,FRI','11:00:00',40,23),
(108,8,9,'WED,FRI','12:00:00',50,32),
(109,65,10,'WED,FRI','10:00:00',60,58),
(110,40,10,'MON,WED','15:00:00',80,55),
(111,45,10,'WED,FRI','11:00:00',50,41),
(112,8,10,'MON,THU','09:00:00',70,48),
(113,41,10,'MON,THU','14:00:00',40,38),
(114,59,10,'MON,WED,FRI','08:00:00',70,52),
(115,19,10,'TUE,THU','10:00:00',50,30),
(116,24,10,'MON,THU','16:00:00',40,26),
(117,64,10,'TUE,FRI','16:00:00',40,36),
(118,15,10,'WED,FRI','08:00:00',60,28),
(119,56,10,'MON,THU','15:00:00',60,56),
(120,9,10,'MON,WED,FRI','16:00:00',80,71);

-- ── COURSE INSTRUCTOR (150 rows) ─────────────────────────────
INSERT INTO course_instructor (offering_id, professor_id, role) VALUES
(1,47,'PRIMARY'),
(1,2,'GUEST'),
(2,53,'PRIMARY'),
(2,1,'CO_INSTRUCTOR'),
(3,3,'PRIMARY'),
(4,23,'PRIMARY'),
(4,45,'CO_INSTRUCTOR'),
(5,60,'PRIMARY'),
(6,60,'PRIMARY'),
(7,3,'PRIMARY'),
(7,19,'GUEST'),
(8,50,'PRIMARY'),
(9,50,'PRIMARY'),
(10,24,'PRIMARY'),
(10,58,'GUEST'),
(11,56,'PRIMARY'),
(11,59,'GUEST'),
(12,6,'PRIMARY'),
(12,44,'CO_INSTRUCTOR'),
(13,8,'PRIMARY'),
(13,12,'GUEST'),
(14,47,'PRIMARY'),
(15,54,'PRIMARY'),
(16,49,'PRIMARY'),
(17,20,'PRIMARY'),
(18,44,'PRIMARY'),
(18,47,'GUEST'),
(19,53,'PRIMARY'),
(19,15,'CO_INSTRUCTOR'),
(20,23,'PRIMARY'),
(20,10,'GUEST'),
(21,60,'PRIMARY'),
(22,3,'PRIMARY'),
(23,40,'PRIMARY'),
(23,50,'CO_INSTRUCTOR'),
(24,14,'PRIMARY'),
(25,7,'PRIMARY'),
(26,29,'PRIMARY'),
(27,16,'PRIMARY'),
(28,26,'PRIMARY'),
(29,15,'PRIMARY'),
(29,35,'CO_INSTRUCTOR'),
(30,9,'PRIMARY'),
(31,15,'PRIMARY'),
(31,53,'GUEST'),
(32,16,'PRIMARY'),
(32,20,'CO_INSTRUCTOR'),
(33,27,'PRIMARY'),
(34,18,'PRIMARY'),
(34,4,'CO_INSTRUCTOR'),
(35,36,'PRIMARY'),
(35,32,'CO_INSTRUCTOR'),
(36,42,'PRIMARY'),
(36,43,'GUEST'),
(37,45,'PRIMARY'),
(37,27,'GUEST'),
(38,20,'PRIMARY'),
(39,12,'PRIMARY'),
(39,49,'GUEST'),
(40,55,'PRIMARY'),
(41,20,'PRIMARY'),
(42,52,'PRIMARY'),
(43,59,'PRIMARY'),
(43,4,'GUEST'),
(44,36,'PRIMARY'),
(44,34,'CO_INSTRUCTOR'),
(45,16,'PRIMARY'),
(45,17,'CO_INSTRUCTOR'),
(46,42,'PRIMARY'),
(46,6,'GUEST'),
(47,6,'PRIMARY'),
(47,35,'CO_INSTRUCTOR'),
(48,18,'PRIMARY'),
(49,44,'PRIMARY'),
(49,39,'CO_INSTRUCTOR'),
(50,13,'PRIMARY'),
(51,31,'PRIMARY'),
(52,56,'PRIMARY'),
(53,20,'PRIMARY'),
(53,59,'CO_INSTRUCTOR'),
(54,60,'PRIMARY'),
(55,48,'PRIMARY'),
(56,48,'PRIMARY'),
(57,59,'PRIMARY'),
(57,16,'CO_INSTRUCTOR'),
(58,59,'PRIMARY'),
(58,16,'GUEST'),
(59,25,'PRIMARY'),
(59,30,'GUEST'),
(60,17,'PRIMARY'),
(60,24,'GUEST'),
(61,7,'PRIMARY'),
(61,52,'GUEST'),
(62,59,'PRIMARY'),
(62,14,'GUEST'),
(63,27,'PRIMARY'),
(63,3,'CO_INSTRUCTOR'),
(64,2,'PRIMARY'),
(65,36,'PRIMARY'),
(65,60,'GUEST'),
(66,10,'PRIMARY'),
(66,13,'GUEST'),
(67,25,'PRIMARY'),
(68,32,'PRIMARY'),
(69,17,'PRIMARY'),
(69,49,'GUEST'),
(70,30,'PRIMARY'),
(70,11,'GUEST'),
(71,9,'PRIMARY'),
(72,12,'PRIMARY'),
(72,59,'CO_INSTRUCTOR'),
(73,54,'PRIMARY'),
(74,53,'PRIMARY'),
(75,49,'PRIMARY'),
(76,27,'PRIMARY'),
(77,54,'PRIMARY'),
(78,5,'PRIMARY'),
(79,1,'PRIMARY'),
(80,33,'PRIMARY'),
(81,24,'PRIMARY'),
(81,4,'GUEST'),
(82,2,'PRIMARY'),
(82,1,'GUEST'),
(83,2,'PRIMARY'),
(84,35,'PRIMARY'),
(84,19,'CO_INSTRUCTOR'),
(85,52,'PRIMARY'),
(85,59,'CO_INSTRUCTOR'),
(86,59,'PRIMARY'),
(87,34,'PRIMARY'),
(88,16,'PRIMARY'),
(89,40,'PRIMARY'),
(90,53,'PRIMARY'),
(90,23,'GUEST'),
(91,6,'PRIMARY'),
(91,24,'GUEST'),
(92,37,'PRIMARY'),
(92,16,'CO_INSTRUCTOR'),
(93,44,'PRIMARY'),
(93,53,'CO_INSTRUCTOR'),
(94,6,'PRIMARY'),
(95,25,'PRIMARY'),
(95,36,'GUEST'),
(96,41,'PRIMARY'),
(97,45,'PRIMARY'),
(98,6,'PRIMARY'),
(99,55,'PRIMARY'),
(99,28,'GUEST'),
(100,58,'PRIMARY'),
(101,15,'PRIMARY');

-- ── COURSE TA (80 rows) ───────────────────────────────────────
INSERT INTO course_ta (student_id, offering_id, role) VALUES
(231,1,'HEAD_TA'),
(12,2,'TA'),
(237,2,'TA'),
(46,3,'TA'),
(247,4,'TA'),
(193,5,'HEAD_TA'),
(77,6,'TA'),
(146,7,'HEAD_TA'),
(99,8,'TA'),
(194,8,'TA'),
(14,9,'HEAD_TA'),
(26,9,'TA'),
(88,10,'HEAD_TA'),
(8,11,'TA'),
(163,11,'HEAD_TA'),
(59,12,'HEAD_TA'),
(92,12,'HEAD_TA'),
(175,13,'HEAD_TA'),
(198,14,'TA'),
(183,15,'TA'),
(69,16,'TA'),
(183,17,'TA'),
(201,17,'HEAD_TA'),
(93,18,'TA'),
(28,18,'TA'),
(114,19,'TA'),
(93,19,'TA'),
(23,20,'TA'),
(115,21,'HEAD_TA'),
(143,21,'TA'),
(23,22,'TA'),
(153,23,'TA'),
(4,24,'HEAD_TA'),
(75,24,'HEAD_TA'),
(186,25,'TA'),
(176,26,'HEAD_TA'),
(36,27,'TA'),
(69,28,'TA'),
(127,28,'TA'),
(112,29,'TA'),
(77,30,'TA'),
(124,30,'TA'),
(242,31,'HEAD_TA'),
(64,31,'TA'),
(28,32,'TA'),
(35,32,'TA'),
(86,33,'HEAD_TA'),
(216,33,'TA'),
(86,34,'TA'),
(111,34,'TA'),
(155,35,'TA'),
(243,35,'HEAD_TA'),
(46,36,'HEAD_TA'),
(247,36,'TA'),
(189,37,'HEAD_TA'),
(178,37,'TA'),
(97,38,'HEAD_TA'),
(72,38,'TA'),
(239,39,'TA'),
(175,40,'TA'),
(242,41,'TA'),
(182,41,'HEAD_TA'),
(213,42,'TA'),
(178,42,'HEAD_TA'),
(36,43,'TA'),
(163,43,'TA'),
(169,44,'HEAD_TA'),
(40,44,'HEAD_TA'),
(115,45,'HEAD_TA'),
(137,46,'HEAD_TA'),
(130,46,'TA'),
(180,47,'TA'),
(230,47,'TA'),
(169,48,'TA'),
(166,49,'TA'),
(248,50,'TA'),
(193,50,'HEAD_TA'),
(3,51,'TA'),
(57,52,'TA'),
(131,52,'HEAD_TA');

-- ── ENROLLMENT (600 rows) ─────────────────────────────────────
INSERT INTO enrollment (enrollment_id, student_id, offering_id, enrollment_date, status) VALUES
(1,1,51,'2022-01-22','INCOMPLETE'),
(2,1,60,'2022-01-05','COMPLETED'),
(3,1,99,'2024-01-01','AUDIT'),
(4,2,38,'2021-01-30','REGISTERED'),
(5,2,54,'2022-01-04','REGISTERED'),
(6,3,40,'2021-01-26','COMPLETED'),
(7,3,44,'2021-01-17','AUDIT'),
(8,3,59,'2022-01-12','AUDIT'),
(9,4,57,'2022-01-23','AUDIT'),
(10,4,93,'2023-01-11','REGISTERED'),
(11,5,6,'2020-01-04','REGISTERED'),
(12,5,104,'2024-01-28','COMPLETED'),
(13,5,91,'2023-01-21','REGISTERED'),
(14,6,103,'2024-01-08','INCOMPLETE'),
(15,6,22,'2020-01-06','INCOMPLETE'),
(16,6,120,'2024-01-06','COMPLETED'),
(17,6,95,'2023-01-18','DROPPED'),
(18,7,30,'2021-01-21','REGISTERED'),
(19,7,103,'2024-01-06','DROPPED'),
(20,7,52,'2022-01-13','REGISTERED'),
(21,8,79,'2023-01-19','DROPPED'),
(22,8,114,'2024-01-13','REGISTERED'),
(23,8,26,'2021-01-23','COMPLETED'),
(24,8,58,'2022-01-07','COMPLETED'),
(25,9,104,'2024-01-04','INCOMPLETE'),
(26,9,102,'2024-01-06','COMPLETED'),
(27,9,9,'2020-01-11','COMPLETED'),
(28,9,74,'2023-01-15','REGISTERED'),
(29,10,86,'2023-01-17','COMPLETED'),
(30,10,111,'2024-01-20','DROPPED'),
(31,10,63,'2022-01-20','DROPPED'),
(32,11,15,'2020-01-15','REGISTERED'),
(33,11,45,'2021-01-27','COMPLETED'),
(34,11,46,'2021-01-30','REGISTERED'),
(35,11,109,'2024-01-22','REGISTERED'),
(36,12,16,'2020-01-04','REGISTERED'),
(37,12,31,'2021-01-12','REGISTERED'),
(38,12,40,'2021-01-17','DROPPED'),
(39,13,77,'2023-01-13','DROPPED'),
(40,13,18,'2020-01-06','AUDIT'),
(41,13,74,'2023-01-21','INCOMPLETE'),
(42,14,118,'2024-01-18','REGISTERED'),
(43,14,83,'2023-01-16','COMPLETED'),
(44,14,120,'2024-01-05','REGISTERED'),
(45,14,23,'2020-01-11','AUDIT'),
(46,15,7,'2020-01-16','REGISTERED'),
(47,15,111,'2024-01-07','DROPPED'),
(48,15,46,'2021-01-31','INCOMPLETE'),
(49,15,2,'2020-01-17','AUDIT'),
(50,16,88,'2023-01-23','AUDIT'),
(51,16,63,'2022-01-16','REGISTERED'),
(52,16,54,'2022-01-03','REGISTERED'),
(53,17,38,'2021-01-09','COMPLETED'),
(54,17,5,'2020-01-18','COMPLETED'),
(55,18,100,'2024-01-19','AUDIT'),
(56,18,59,'2022-01-18','INCOMPLETE'),
(57,19,74,'2023-01-09','INCOMPLETE'),
(58,19,15,'2020-01-27','COMPLETED'),
(59,20,106,'2024-01-24','AUDIT'),
(60,20,97,'2024-01-18','COMPLETED'),
(61,20,6,'2020-01-14','REGISTERED'),
(62,20,98,'2024-01-24','COMPLETED'),
(63,21,112,'2024-01-09','COMPLETED'),
(64,21,5,'2020-01-28','REGISTERED'),
(65,21,58,'2022-01-15','REGISTERED'),
(66,22,27,'2021-01-24','COMPLETED'),
(67,22,104,'2024-01-28','DROPPED'),
(68,23,79,'2023-01-26','COMPLETED'),
(69,23,18,'2020-01-27','COMPLETED'),
(70,24,73,'2023-01-18','COMPLETED'),
(71,24,45,'2021-01-20','INCOMPLETE'),
(72,25,42,'2021-01-10','COMPLETED'),
(73,25,91,'2023-01-19','COMPLETED'),
(74,26,116,'2024-01-05','DROPPED'),
(75,26,87,'2023-01-30','REGISTERED'),
(76,26,105,'2024-01-09','REGISTERED'),
(77,26,13,'2020-01-23','REGISTERED'),
(78,27,19,'2020-01-11','COMPLETED'),
(79,27,92,'2023-01-25','DROPPED'),
(80,28,19,'2020-01-09','DROPPED'),
(81,28,74,'2023-01-13','AUDIT'),
(82,28,81,'2023-01-03','REGISTERED'),
(83,29,66,'2022-01-23','COMPLETED'),
(84,29,96,'2023-01-15','AUDIT'),
(85,29,36,'2021-01-11','REGISTERED'),
(86,30,12,'2020-01-22','COMPLETED'),
(87,30,94,'2023-01-28','REGISTERED'),
(88,30,59,'2022-01-26','INCOMPLETE'),
(89,30,82,'2023-01-13','COMPLETED'),
(90,31,106,'2024-01-09','COMPLETED'),
(91,31,28,'2021-01-27','COMPLETED'),
(92,31,64,'2022-01-11','INCOMPLETE'),
(93,32,17,'2020-01-26','COMPLETED'),
(94,32,73,'2023-01-29','REGISTERED'),
(95,32,110,'2024-01-02','REGISTERED'),
(96,32,63,'2022-01-21','AUDIT'),
(97,33,16,'2020-01-28','REGISTERED'),
(98,33,119,'2024-01-15','AUDIT'),
(99,34,55,'2022-01-23','REGISTERED'),
(100,34,26,'2021-01-29','COMPLETED'),
(101,35,112,'2024-01-29','COMPLETED'),
(102,35,120,'2024-01-03','COMPLETED'),
(103,36,11,'2020-01-29','REGISTERED'),
(104,36,48,'2021-01-02','DROPPED'),
(105,36,86,'2023-01-21','COMPLETED'),
(106,37,90,'2023-01-21','REGISTERED'),
(107,37,97,'2024-01-23','REGISTERED'),
(108,37,30,'2021-01-01','COMPLETED'),
(109,37,55,'2022-01-16','REGISTERED'),
(110,38,76,'2023-01-17','AUDIT'),
(111,38,29,'2021-01-01','REGISTERED'),
(112,39,44,'2021-01-14','REGISTERED'),
(113,39,105,'2024-01-16','REGISTERED'),
(114,39,16,'2020-01-08','DROPPED'),
(115,39,111,'2024-01-03','REGISTERED'),
(116,40,41,'2021-01-29','COMPLETED'),
(117,40,48,'2021-01-05','DROPPED'),
(118,41,83,'2023-01-05','REGISTERED'),
(119,41,87,'2023-01-17','REGISTERED'),
(120,42,84,'2023-01-24','COMPLETED'),
(121,42,22,'2020-01-21','REGISTERED'),
(122,42,57,'2022-01-30','DROPPED'),
(123,42,45,'2021-01-20','AUDIT'),
(124,43,12,'2020-01-04','REGISTERED'),
(125,43,115,'2024-01-25','REGISTERED'),
(126,44,94,'2023-01-11','REGISTERED'),
(127,44,50,'2022-01-08','COMPLETED'),
(128,44,45,'2021-01-21','REGISTERED'),
(129,44,55,'2022-01-08','INCOMPLETE'),
(130,45,77,'2023-01-25','REGISTERED'),
(131,45,93,'2023-01-28','COMPLETED'),
(132,45,78,'2023-01-07','INCOMPLETE'),
(133,45,37,'2021-01-20','INCOMPLETE'),
(134,46,96,'2023-01-10','REGISTERED'),
(135,46,51,'2022-01-26','COMPLETED'),
(136,47,50,'2022-01-16','REGISTERED'),
(137,47,15,'2020-01-17','REGISTERED'),
(138,47,31,'2021-01-12','COMPLETED'),
(139,48,50,'2022-01-27','DROPPED'),
(140,48,111,'2024-01-12','INCOMPLETE'),
(141,49,23,'2020-01-03','REGISTERED'),
(142,49,98,'2024-01-19','REGISTERED'),
(143,49,61,'2022-01-01','COMPLETED'),
(144,49,99,'2024-01-07','REGISTERED'),
(145,50,102,'2024-01-17','COMPLETED'),
(146,50,51,'2022-01-21','INCOMPLETE'),
(147,51,55,'2022-01-03','INCOMPLETE'),
(148,51,90,'2023-01-18','REGISTERED'),
(149,51,52,'2022-01-09','REGISTERED'),
(150,52,11,'2020-01-07','REGISTERED'),
(151,52,66,'2022-01-18','COMPLETED'),
(152,52,118,'2024-01-13','REGISTERED'),
(153,53,90,'2023-01-31','COMPLETED'),
(154,53,56,'2022-01-02','COMPLETED'),
(155,53,94,'2023-01-03','DROPPED'),
(156,54,59,'2022-01-20','REGISTERED'),
(157,54,79,'2023-01-10','REGISTERED'),
(158,55,2,'2020-01-05','REGISTERED'),
(159,55,91,'2023-01-06','AUDIT'),
(160,56,67,'2022-01-24','COMPLETED'),
(161,56,101,'2024-01-06','COMPLETED'),
(162,56,106,'2024-01-05','COMPLETED'),
(163,57,114,'2024-01-01','COMPLETED'),
(164,57,16,'2020-01-26','DROPPED'),
(165,57,99,'2024-01-09','INCOMPLETE'),
(166,57,116,'2024-01-03','COMPLETED'),
(167,58,74,'2023-01-15','INCOMPLETE'),
(168,58,81,'2023-01-12','REGISTERED'),
(169,58,10,'2020-01-16','REGISTERED'),
(170,58,64,'2022-01-12','REGISTERED'),
(171,59,99,'2024-01-19','REGISTERED'),
(172,59,14,'2020-01-08','INCOMPLETE'),
(173,59,115,'2024-01-01','REGISTERED'),
(174,60,32,'2021-01-16','COMPLETED'),
(175,60,6,'2020-01-13','REGISTERED'),
(176,61,120,'2024-01-02','INCOMPLETE'),
(177,61,110,'2024-01-26','DROPPED'),
(178,62,42,'2021-01-14','COMPLETED'),
(179,62,32,'2021-01-09','REGISTERED'),
(180,63,48,'2021-01-29','REGISTERED'),
(181,63,16,'2020-01-06','COMPLETED'),
(182,63,65,'2022-01-26','INCOMPLETE'),
(183,63,87,'2023-01-02','DROPPED'),
(184,64,113,'2024-01-28','COMPLETED'),
(185,64,60,'2022-01-25','COMPLETED'),
(186,65,12,'2020-01-01','COMPLETED'),
(187,65,71,'2022-01-07','COMPLETED'),
(188,65,59,'2022-01-19','COMPLETED'),
(189,66,80,'2023-01-19','AUDIT'),
(190,66,32,'2021-01-25','COMPLETED'),
(191,66,60,'2022-01-24','INCOMPLETE'),
(192,66,48,'2021-01-25','COMPLETED'),
(193,67,1,'2020-01-14','REGISTERED'),
(194,67,120,'2024-01-08','INCOMPLETE'),
(195,68,82,'2023-01-29','REGISTERED'),
(196,68,108,'2024-01-31','COMPLETED'),
(197,68,89,'2023-01-01','DROPPED'),
(198,69,94,'2023-01-17','COMPLETED'),
(199,69,40,'2021-01-14','AUDIT'),
(200,69,14,'2020-01-31','REGISTERED'),
(201,69,27,'2021-01-05','COMPLETED'),
(202,70,6,'2020-01-08','INCOMPLETE'),
(203,70,118,'2024-01-14','COMPLETED'),
(204,71,96,'2023-01-04','INCOMPLETE'),
(205,71,11,'2020-01-05','DROPPED'),
(206,71,75,'2023-01-03','REGISTERED'),
(207,72,85,'2023-01-10','COMPLETED'),
(208,72,17,'2020-01-28','COMPLETED'),
(209,72,31,'2021-01-30','DROPPED'),
(210,73,107,'2024-01-15','COMPLETED'),
(211,73,95,'2023-01-08','REGISTERED'),
(212,73,42,'2021-01-31','COMPLETED'),
(213,73,41,'2021-01-05','REGISTERED'),
(214,74,14,'2020-01-15','AUDIT'),
(215,74,22,'2020-01-11','DROPPED'),
(216,75,69,'2022-01-31','COMPLETED'),
(217,75,46,'2021-01-15','COMPLETED'),
(218,76,34,'2021-01-03','REGISTERED'),
(219,76,110,'2024-01-26','COMPLETED'),
(220,76,16,'2020-01-27','REGISTERED'),
(221,77,107,'2024-01-11','REGISTERED'),
(222,77,110,'2024-01-03','COMPLETED'),
(223,78,51,'2022-01-22','COMPLETED'),
(224,78,66,'2022-01-09','REGISTERED'),
(225,78,7,'2020-01-01','DROPPED'),
(226,79,72,'2022-01-08','REGISTERED'),
(227,79,96,'2023-01-15','REGISTERED'),
(228,79,71,'2022-01-26','REGISTERED'),
(229,80,2,'2020-01-27','COMPLETED'),
(230,80,8,'2020-01-05','COMPLETED'),
(231,81,48,'2021-01-31','REGISTERED'),
(232,81,88,'2023-01-19','COMPLETED'),
(233,81,81,'2023-01-30','REGISTERED'),
(234,82,9,'2020-01-29','AUDIT'),
(235,82,26,'2021-01-26','REGISTERED'),
(236,83,116,'2024-01-27','COMPLETED'),
(237,83,109,'2024-01-04','REGISTERED'),
(238,84,7,'2020-01-19','DROPPED'),
(239,84,22,'2020-01-27','DROPPED'),
(240,84,119,'2024-01-16','REGISTERED'),
(241,85,88,'2023-01-12','COMPLETED'),
(242,85,55,'2022-01-30','REGISTERED'),
(243,85,23,'2020-01-09','COMPLETED'),
(244,86,114,'2024-01-20','COMPLETED'),
(245,86,20,'2020-01-21','COMPLETED'),
(246,86,5,'2020-01-16','DROPPED'),
(247,87,62,'2022-01-13','REGISTERED'),
(248,87,8,'2020-01-14','COMPLETED'),
(249,87,12,'2020-01-21','INCOMPLETE'),
(250,87,36,'2021-01-08','INCOMPLETE'),
(251,88,49,'2022-01-23','COMPLETED'),
(252,88,101,'2024-01-16','INCOMPLETE'),
(253,89,45,'2021-01-17','COMPLETED'),
(254,89,117,'2024-01-13','COMPLETED'),
(255,89,73,'2023-01-06','REGISTERED'),
(256,90,77,'2023-01-29','COMPLETED'),
(257,90,29,'2021-01-02','AUDIT'),
(258,90,4,'2020-01-17','COMPLETED'),
(259,91,30,'2021-01-22','COMPLETED'),
(260,91,21,'2020-01-09','INCOMPLETE'),
(261,91,13,'2020-01-27','REGISTERED'),
(262,91,32,'2021-01-25','COMPLETED'),
(263,92,109,'2024-01-30','REGISTERED'),
(264,92,103,'2024-01-06','COMPLETED'),
(265,92,50,'2022-01-19','COMPLETED'),
(266,92,46,'2021-01-26','COMPLETED'),
(267,93,4,'2020-01-31','REGISTERED'),
(268,93,91,'2023-01-19','COMPLETED'),
(269,93,90,'2023-01-27','AUDIT'),
(270,93,46,'2021-01-18','COMPLETED'),
(271,94,63,'2022-01-03','REGISTERED'),
(272,94,5,'2020-01-08','COMPLETED'),
(273,95,68,'2022-01-01','COMPLETED'),
(274,95,62,'2022-01-30','COMPLETED'),
(275,96,44,'2021-01-06','COMPLETED'),
(276,96,92,'2023-01-02','REGISTERED'),
(277,97,76,'2023-01-30','REGISTERED'),
(278,97,91,'2023-01-25','REGISTERED'),
(279,98,111,'2024-01-23','DROPPED'),
(280,98,47,'2021-01-19','REGISTERED'),
(281,98,10,'2020-01-11','COMPLETED'),
(282,98,48,'2021-01-11','REGISTERED'),
(283,99,94,'2023-01-26','AUDIT'),
(284,99,56,'2022-01-21','COMPLETED'),
(285,100,91,'2023-01-23','COMPLETED'),
(286,100,72,'2022-01-08','REGISTERED'),
(287,101,40,'2021-01-10','REGISTERED'),
(288,101,94,'2023-01-06','REGISTERED'),
(289,101,89,'2023-01-31','DROPPED'),
(290,102,5,'2020-01-30','COMPLETED'),
(291,102,24,'2020-01-21','REGISTERED'),
(292,102,78,'2023-01-30','AUDIT'),
(293,102,41,'2021-01-05','COMPLETED'),
(294,103,10,'2020-01-06','REGISTERED'),
(295,103,31,'2021-01-27','COMPLETED'),
(296,103,45,'2021-01-15','REGISTERED'),
(297,103,41,'2021-01-09','COMPLETED'),
(298,104,89,'2023-01-12','COMPLETED'),
(299,104,9,'2020-01-26','REGISTERED'),
(300,105,1,'2020-01-24','DROPPED'),
(301,105,7,'2020-01-06','DROPPED'),
(302,105,50,'2022-01-16','DROPPED'),
(303,105,57,'2022-01-12','INCOMPLETE'),
(304,106,13,'2020-01-26','COMPLETED'),
(305,106,107,'2024-01-06','AUDIT'),
(306,106,62,'2022-01-03','REGISTERED'),
(307,107,3,'2020-01-31','REGISTERED'),
(308,107,41,'2021-01-03','COMPLETED'),
(309,107,34,'2021-01-06','DROPPED'),
(310,108,94,'2023-01-18','REGISTERED'),
(311,108,10,'2020-01-11','AUDIT'),
(312,109,4,'2020-01-20','DROPPED'),
(313,109,56,'2022-01-06','REGISTERED'),
(314,109,84,'2023-01-04','COMPLETED'),
(315,109,22,'2020-01-07','COMPLETED'),
(316,110,90,'2023-01-30','INCOMPLETE'),
(317,110,71,'2022-01-09','COMPLETED'),
(318,110,93,'2023-01-10','COMPLETED'),
(319,111,7,'2020-01-19','INCOMPLETE'),
(320,111,51,'2022-01-27','AUDIT'),
(321,112,7,'2020-01-01','DROPPED'),
(322,112,47,'2021-01-03','COMPLETED'),
(323,113,81,'2023-01-04','REGISTERED'),
(324,113,77,'2023-01-07','REGISTERED'),
(325,113,62,'2022-01-21','COMPLETED'),
(326,113,26,'2021-01-03','AUDIT'),
(327,114,40,'2021-01-13','AUDIT'),
(328,114,101,'2024-01-16','COMPLETED'),
(329,115,83,'2023-01-13','REGISTERED'),
(330,115,70,'2022-01-12','DROPPED'),
(331,116,24,'2020-01-09','AUDIT'),
(332,116,58,'2022-01-15','COMPLETED'),
(333,116,6,'2020-01-08','COMPLETED'),
(334,117,8,'2020-01-22','REGISTERED'),
(335,117,20,'2020-01-03','COMPLETED'),
(336,117,97,'2024-01-26','INCOMPLETE'),
(337,117,90,'2023-01-14','COMPLETED'),
(338,118,8,'2020-01-17','DROPPED'),
(339,118,108,'2024-01-31','INCOMPLETE'),
(340,118,50,'2022-01-22','AUDIT'),
(341,118,105,'2024-01-19','COMPLETED'),
(342,119,39,'2021-01-29','REGISTERED'),
(343,119,11,'2020-01-17','INCOMPLETE'),
(344,119,51,'2022-01-26','REGISTERED'),
(345,120,97,'2024-01-06','REGISTERED'),
(346,120,58,'2022-01-07','COMPLETED'),
(347,121,6,'2020-01-03','DROPPED'),
(348,121,55,'2022-01-07','REGISTERED'),
(349,122,34,'2021-01-30','REGISTERED'),
(350,122,41,'2021-01-03','DROPPED'),
(351,122,117,'2024-01-18','DROPPED'),
(352,122,94,'2023-01-18','COMPLETED'),
(353,123,67,'2022-01-28','REGISTERED'),
(354,123,59,'2022-01-26','INCOMPLETE'),
(355,123,118,'2024-01-26','DROPPED'),
(356,124,54,'2022-01-05','REGISTERED'),
(357,124,20,'2020-01-30','REGISTERED'),
(358,125,100,'2024-01-28','INCOMPLETE'),
(359,125,13,'2020-01-29','COMPLETED'),
(360,125,101,'2024-01-29','DROPPED'),
(361,125,37,'2021-01-09','DROPPED'),
(362,126,63,'2022-01-02','REGISTERED'),
(363,126,74,'2023-01-09','DROPPED'),
(364,126,78,'2023-01-05','DROPPED'),
(365,126,61,'2022-01-02','DROPPED'),
(366,127,89,'2023-01-24','AUDIT'),
(367,127,31,'2021-01-30','COMPLETED'),
(368,127,7,'2020-01-29','COMPLETED'),
(369,128,44,'2021-01-26','COMPLETED'),
(370,128,105,'2024-01-10','COMPLETED'),
(371,129,110,'2024-01-04','COMPLETED'),
(372,129,90,'2023-01-05','COMPLETED'),
(373,129,88,'2023-01-24','AUDIT'),
(374,130,35,'2021-01-20','REGISTERED'),
(375,130,94,'2023-01-07','AUDIT'),
(376,130,54,'2022-01-07','DROPPED'),
(377,131,63,'2022-01-12','REGISTERED'),
(378,131,98,'2024-01-17','REGISTERED'),
(379,131,67,'2022-01-03','COMPLETED'),
(380,131,112,'2024-01-23','INCOMPLETE'),
(381,132,18,'2020-01-17','REGISTERED'),
(382,132,100,'2024-01-06','COMPLETED'),
(383,132,109,'2024-01-29','COMPLETED'),
(384,133,32,'2021-01-15','REGISTERED'),
(385,133,5,'2020-01-30','COMPLETED'),
(386,134,26,'2021-01-15','INCOMPLETE'),
(387,134,36,'2021-01-13','REGISTERED'),
(388,134,48,'2021-01-22','REGISTERED'),
(389,134,106,'2024-01-08','COMPLETED'),
(390,135,77,'2023-01-31','AUDIT'),
(391,135,58,'2022-01-19','INCOMPLETE'),
(392,135,23,'2020-01-12','COMPLETED'),
(393,136,108,'2024-01-09','REGISTERED'),
(394,136,115,'2024-01-10','REGISTERED'),
(395,137,7,'2020-01-19','COMPLETED'),
(396,137,21,'2020-01-28','COMPLETED'),
(397,137,110,'2024-01-21','COMPLETED'),
(398,138,27,'2021-01-17','REGISTERED'),
(399,138,35,'2021-01-28','REGISTERED'),
(400,138,84,'2023-01-16','REGISTERED'),
(401,138,53,'2022-01-21','REGISTERED'),
(402,139,103,'2024-01-20','COMPLETED'),
(403,139,2,'2020-01-23','COMPLETED'),
(404,139,29,'2021-01-14','DROPPED'),
(405,139,33,'2021-01-28','COMPLETED'),
(406,140,33,'2021-01-10','INCOMPLETE'),
(407,140,28,'2021-01-27','DROPPED'),
(408,140,60,'2022-01-19','REGISTERED'),
(409,141,66,'2022-01-31','COMPLETED'),
(410,141,85,'2023-01-18','COMPLETED'),
(411,142,88,'2023-01-03','COMPLETED'),
(412,142,14,'2020-01-09','COMPLETED'),
(413,142,62,'2022-01-28','COMPLETED'),
(414,143,84,'2023-01-21','COMPLETED'),
(415,143,92,'2023-01-07','REGISTERED'),
(416,143,115,'2024-01-17','COMPLETED'),
(417,144,104,'2024-01-26','DROPPED'),
(418,144,110,'2024-01-22','COMPLETED'),
(419,145,18,'2020-01-16','COMPLETED'),
(420,145,93,'2023-01-09','DROPPED'),
(421,145,4,'2020-01-13','DROPPED'),
(422,145,84,'2023-01-24','REGISTERED'),
(423,146,91,'2023-01-11','COMPLETED'),
(424,146,74,'2023-01-22','INCOMPLETE'),
(425,146,105,'2024-01-21','AUDIT'),
(426,146,25,'2021-01-30','COMPLETED'),
(427,147,39,'2021-01-22','INCOMPLETE'),
(428,147,109,'2024-01-06','COMPLETED'),
(429,147,22,'2020-01-04','AUDIT'),
(430,147,108,'2024-01-05','COMPLETED'),
(431,148,104,'2024-01-06','COMPLETED'),
(432,148,72,'2022-01-21','REGISTERED'),
(433,148,98,'2024-01-08','COMPLETED'),
(434,148,117,'2024-01-08','COMPLETED'),
(435,149,101,'2024-01-12','COMPLETED'),
(436,149,114,'2024-01-19','COMPLETED'),
(437,149,43,'2021-01-15','REGISTERED'),
(438,150,7,'2020-01-19','REGISTERED'),
(439,150,111,'2024-01-16','COMPLETED'),
(440,150,82,'2023-01-17','REGISTERED'),
(441,151,49,'2022-01-02','REGISTERED'),
(442,151,68,'2022-01-05','COMPLETED'),
(443,151,39,'2021-01-11','DROPPED'),
(444,151,53,'2022-01-19','AUDIT'),
(445,152,41,'2021-01-23','REGISTERED'),
(446,152,111,'2024-01-25','REGISTERED'),
(447,153,43,'2021-01-11','REGISTERED'),
(448,153,81,'2023-01-01','AUDIT'),
(449,153,23,'2020-01-09','COMPLETED'),
(450,154,74,'2023-01-06','AUDIT'),
(451,154,98,'2024-01-26','REGISTERED'),
(452,155,79,'2023-01-21','DROPPED'),
(453,155,56,'2022-01-13','DROPPED'),
(454,156,50,'2022-01-18','COMPLETED'),
(455,156,1,'2020-01-24','COMPLETED'),
(456,156,5,'2020-01-31','REGISTERED'),
(457,157,97,'2024-01-07','REGISTERED'),
(458,157,107,'2024-01-22','REGISTERED'),
(459,157,68,'2022-01-21','COMPLETED'),
(460,158,89,'2023-01-12','COMPLETED'),
(461,158,113,'2024-01-05','REGISTERED'),
(462,159,65,'2022-01-06','REGISTERED'),
(463,159,76,'2023-01-27','REGISTERED'),
(464,159,40,'2021-01-10','COMPLETED'),
(465,160,94,'2023-01-17','COMPLETED'),
(466,160,67,'2022-01-14','REGISTERED'),
(467,160,77,'2023-01-11','AUDIT'),
(468,161,97,'2024-01-31','DROPPED'),
(469,161,25,'2021-01-01','COMPLETED'),
(470,161,22,'2020-01-08','REGISTERED'),
(471,162,94,'2023-01-19','INCOMPLETE'),
(472,162,3,'2020-01-06','REGISTERED'),
(473,163,92,'2023-01-02','DROPPED'),
(474,163,84,'2023-01-29','COMPLETED'),
(475,163,102,'2024-01-25','INCOMPLETE'),
(476,164,7,'2020-01-21','REGISTERED'),
(477,164,77,'2023-01-02','REGISTERED'),
(478,164,85,'2023-01-14','AUDIT'),
(479,164,14,'2020-01-13','REGISTERED'),
(480,165,33,'2021-01-07','REGISTERED'),
(481,165,61,'2022-01-10','DROPPED'),
(482,165,90,'2023-01-22','REGISTERED'),
(483,165,20,'2020-01-22','INCOMPLETE'),
(484,166,80,'2023-01-05','DROPPED'),
(485,166,78,'2023-01-27','REGISTERED'),
(486,166,90,'2023-01-17','REGISTERED'),
(487,167,15,'2020-01-16','COMPLETED'),
(488,167,101,'2024-01-20','COMPLETED'),
(489,167,14,'2020-01-25','COMPLETED'),
(490,168,26,'2021-01-10','REGISTERED'),
(491,168,46,'2021-01-02','INCOMPLETE'),
(492,168,91,'2023-01-16','COMPLETED'),
(493,168,53,'2022-01-23','AUDIT'),
(494,169,31,'2021-01-22','REGISTERED'),
(495,169,1,'2020-01-30','REGISTERED'),
(496,169,2,'2020-01-27','AUDIT'),
(497,170,12,'2020-01-17','REGISTERED'),
(498,170,100,'2024-01-24','REGISTERED'),
(499,171,83,'2023-01-10','COMPLETED'),
(500,171,30,'2021-01-15','REGISTERED'),
(501,171,59,'2022-01-04','REGISTERED'),
(502,172,110,'2024-01-12','COMPLETED'),
(503,172,38,'2021-01-14','REGISTERED'),
(504,173,109,'2024-01-29','REGISTERED'),
(505,173,98,'2024-01-01','REGISTERED'),
(506,174,83,'2023-01-29','AUDIT'),
(507,174,22,'2020-01-31','COMPLETED'),
(508,174,43,'2021-01-29','REGISTERED'),
(509,174,46,'2021-01-12','COMPLETED'),
(510,175,15,'2020-01-13','AUDIT'),
(511,175,52,'2022-01-09','DROPPED'),
(512,176,109,'2024-01-21','REGISTERED'),
(513,176,62,'2022-01-04','REGISTERED'),
(514,176,103,'2024-01-23','REGISTERED'),
(515,176,54,'2022-01-31','REGISTERED'),
(516,177,54,'2022-01-19','AUDIT'),
(517,177,117,'2024-01-26','AUDIT'),
(518,178,79,'2023-01-25','COMPLETED'),
(519,178,49,'2022-01-20','REGISTERED'),
(520,179,113,'2024-01-05','AUD
